user_id,group_id,cqchat_id,course_id,group_member,useragent,clientip,os,time,page,course_begin,course_end,course_begin_timestamp,course_begin_timestamp
3093,34,35,3,"3093,3031,3071,3090","Mozilla/5.0 (Windows NT 10.0; WOW64) AppleWebKit/537.36 (KHTML, like Gecko) Chrome/81.0.4044.138 Safari/537.36",127.0.0.1,"Windows 10","2020-06-30 10:27:04",1593480424,behavior,"2020-06-30 10:27:04","2020-06-30 10:27:04",1593480424,1593480424
3093,34,35,3,"3093,3031,3071,3090","Mozilla/5.0 (Windows NT 10.0; WOW64) AppleWebKit/537.36 (KHTML, like Gecko) Chrome/81.0.4044.138 Safari/537.36",127.0.0.1,"Windows 10","2020-06-30 10:27:23",1593480443,behavior,"2019-07-01 00:00:00","2020-06-30 00:00:00",1561906800,1593442800
3093,34,35,3,"3093,3031,3071,3090","Mozilla/5.0 (Windows NT 10.0; WOW64) AppleWebKit/537.36 (KHTML, like Gecko) Chrome/81.0.4044.138 Safari/537.36",127.0.0.1,"Windows 10","2020-06-30 10:27:26",1593480446,exit,"2019-07-01 00:00:00","2020-06-30 00:00:00",1561906800,1593442800
3093,34,35,3,"3093,3031,3071,3090","Mozilla/5.0 (Windows NT 10.0; WOW64) AppleWebKit/537.36 (KHTML, like Gecko) Chrome/81.0.4044.138 Safari/537.36",127.0.0.1,"Windows 10","2020-06-30 10:27:26",1593480446,behavior,"2019-07-01 00:00:00","2020-06-30 00:00:00",1561906800,1593442800
3093,34,35,3,"3093,3031,3071,3090","Mozilla/5.0 (Windows NT 10.0; WOW64) AppleWebKit/537.36 (KHTML, like Gecko) Chrome/81.0.4044.138 Safari/537.36",127.0.0.1,"Windows 10","2020-06-30 10:28:00",1593480480,exit,"2019-07-01 00:00:00","2020-06-30 00:00:00",1561906800,1593442800
3093,34,35,3,"3093,3031,3071,3090","Mozilla/5.0 (Windows NT 10.0; WOW64) AppleWebKit/537.36 (KHTML, like Gecko) Chrome/81.0.4044.138 Safari/537.36",127.0.0.1,"Windows 10","2020-06-30 10:28:01",1593480481,behavior,"2019-07-01 00:00:00","2020-06-30 00:00:00",1561906800,1593442800
3093,34,35,3,"3093,3031,3071,3090","Mozilla/5.0 (Windows NT 10.0; WOW64) AppleWebKit/537.36 (KHTML, like Gecko) Chrome/81.0.4044.138 Safari/537.36",127.0.0.1,"Windows 10","2020-06-30 10:30:00",1593480600,behavior,"2020-06-30 10:30:00","2020-06-30 10:30:00",1593480600,1593480600
3093,34,35,3,"3093,3031,3071,3090","Mozilla/5.0 (Windows NT 10.0; WOW64) AppleWebKit/537.36 (KHTML, like Gecko) Chrome/81.0.4044.138 Safari/537.36",127.0.0.1,"Windows 10","2020-06-30 10:34:11",1593480851,behavior,"2019-12-04 00:00:00","2020-06-02 00:00:00",1575385200,1591023600
3093,34,35,3,"3093,3031,3071,3090","Mozilla/5.0 (Windows NT 10.0; WOW64) AppleWebKit/537.36 (KHTML, like Gecko) Chrome/81.0.4044.138 Safari/537.36",127.0.0.1,"Windows 10","2020-06-30 10:34:14",1593480854,exit,"2019-12-04 00:00:00","2020-06-02 00:00:00",1575385200,1591023600
3093,34,35,3,"3093,3031,3071,3090","Mozilla/5.0 (Windows NT 10.0; WOW64) AppleWebKit/537.36 (KHTML, like Gecko) Chrome/81.0.4044.138 Safari/537.36",127.0.0.1,"Windows 10","2020-06-30 10:34:14",1593480854,behavior,"2019-12-04 00:00:00","2020-06-02 00:00:00",1575385200,1591023600
3093,34,35,3,"3093,3031,3071,3090","Mozilla/5.0 (Windows NT 10.0; WOW64) AppleWebKit/537.36 (KHTML, like Gecko) Chrome/81.0.4044.138 Safari/537.36",127.0.0.1,"Windows 10","2020-06-30 10:34:16",1593480856,exit,"2019-12-04 00:00:00","2020-06-02 00:00:00",1575385200,1591023600
3093,34,35,3,"3093,3031,3071,3090","Mozilla/5.0 (Windows NT 10.0; WOW64) AppleWebKit/537.36 (KHTML, like Gecko) Chrome/81.0.4044.138 Safari/537.36",127.0.0.1,"Windows 10","2020-06-30 10:34:19",1593480859,exit,"2019-12-04 00:00:00","2020-06-02 00:00:00",1575385200,1591023600
3093,34,35,3,"3093,3031,3071,3090","Mozilla/5.0 (Windows NT 10.0; WOW64) AppleWebKit/537.36 (KHTML, like Gecko) Chrome/81.0.4044.138 Safari/537.36",127.0.0.1,"Windows 10","2020-06-30 10:34:20",1593480860,exit,"2019-12-04 00:00:00","2020-06-02 00:00:00",1575385200,1591023600
3093,34,35,3,"3093,3031,3071,3090","Mozilla/5.0 (Windows NT 10.0; WOW64) AppleWebKit/537.36 (KHTML, like Gecko) Chrome/81.0.4044.138 Safari/537.36",127.0.0.1,"Windows 10","2020-06-30 10:34:20",1593480860,exit,"2019-12-04 00:00:00","2020-06-02 00:00:00",1575385200,1591023600
3093,34,35,3,"3093,3031,3071,3090","Mozilla/5.0 (Windows NT 10.0; WOW64) AppleWebKit/537.36 (KHTML, like Gecko) Chrome/81.0.4044.138 Safari/537.36",127.0.0.1,"Windows 10","2020-06-30 10:34:32",1593480872,behavior,"2020-06-30 10:34:32","2020-06-30 10:34:32",1593480872,1593480872
3093,34,35,3,"3093,3031,3071,3090","Mozilla/5.0 (Windows NT 10.0; WOW64) AppleWebKit/537.36 (KHTML, like Gecko) Chrome/81.0.4044.138 Safari/537.36",127.0.0.1,"Windows 10","2020-06-30 10:37:11",1593481031,exit,"2020-02-01 00:00:00","2020-06-30 00:00:00",1580482800,1593442800
3093,34,35,3,"3093,3031,3071,3090","Mozilla/5.0 (Windows NT 10.0; WOW64) AppleWebKit/537.36 (KHTML, like Gecko) Chrome/81.0.4044.138 Safari/537.36",127.0.0.1,"Windows 10","2020-06-30 10:37:11",1593481031,behavior,"2020-02-01 00:00:00","2020-06-30 00:00:00",1580482800,1593442800
3093,34,35,3,"3093,3031,3071,3090","Mozilla/5.0 (Windows NT 10.0; WOW64) AppleWebKit/537.36 (KHTML, like Gecko) Chrome/81.0.4044.138 Safari/537.36",127.0.0.1,"Windows 10","2020-06-30 10:37:12",1593481032,behavior,"2020-02-01 00:00:00","2020-06-30 00:00:00",1580482800,1593442800
3093,34,35,3,"3093,3031,3071,3090","Mozilla/5.0 (Windows NT 10.0; WOW64) AppleWebKit/537.36 (KHTML, like Gecko) Chrome/81.0.4044.138 Safari/537.36",127.0.0.1,"Windows 10","2020-06-30 10:37:21",1593481041,exit,"2020-02-01 00:00:00","2020-06-30 00:00:00",1580482800,1593442800
3093,34,35,3,"3093,3031,3071,3090","Mozilla/5.0 (Windows NT 10.0; WOW64) AppleWebKit/537.36 (KHTML, like Gecko) Chrome/81.0.4044.138 Safari/537.36",127.0.0.1,"Windows 10","2020-06-30 10:37:22",1593481042,behavior,"2020-02-01 00:00:00","2020-06-30 00:00:00",1580482800,1593442800
3093,34,35,3,"3093,3031,3071,3090","Mozilla/5.0 (Windows NT 10.0; WOW64) AppleWebKit/537.36 (KHTML, like Gecko) Chrome/81.0.4044.138 Safari/537.36",127.0.0.1,"Windows 10","2020-06-30 10:37:53",1593481073,exit,"2020-02-01 00:00:00","2020-06-30 00:00:00",1580482800,1593442800
3093,34,35,3,"3093,3031,3071,3090","Mozilla/5.0 (Windows NT 10.0; WOW64) AppleWebKit/537.36 (KHTML, like Gecko) Chrome/81.0.4044.138 Safari/537.36",127.0.0.1,"Windows 10","2020-06-30 10:37:53",1593481073,behavior,"2020-02-01 00:00:00","2020-06-30 00:00:00",1580482800,1593442800
3093,34,35,3,"3093,3031,3071,3090","Mozilla/5.0 (Windows NT 10.0; WOW64) AppleWebKit/537.36 (KHTML, like Gecko) Chrome/81.0.4044.138 Safari/537.36",127.0.0.1,"Windows 10","2020-06-30 10:38:12",1593481092,behavior,"2020-04-01 00:00:00","2020-06-30 00:00:00",1585666800,1593442800
3093,34,35,3,"3093,3031,3071,3090","Mozilla/5.0 (Windows NT 10.0; WOW64) AppleWebKit/537.36 (KHTML, like Gecko) Chrome/81.0.4044.138 Safari/537.36",127.0.0.1,"Windows 10","2020-06-30 10:38:13",1593481093,exit,"2020-04-01 00:00:00","2020-06-30 00:00:00",1585666800,1593442800
3093,34,35,3,"3093,3031,3071,3090","Mozilla/5.0 (Windows NT 10.0; WOW64) AppleWebKit/537.36 (KHTML, like Gecko) Chrome/81.0.4044.138 Safari/537.36",127.0.0.1,"Windows 10","2020-06-30 10:38:13",1593481093,behavior,"2020-04-01 00:00:00","2020-06-30 00:00:00",1585666800,1593442800
3093,34,35,3,"3093,3031,3071,3090","Mozilla/5.0 (Windows NT 10.0; WOW64) AppleWebKit/537.36 (KHTML, like Gecko) Chrome/81.0.4044.138 Safari/537.36",127.0.0.1,"Windows 10","2020-06-30 10:38:26",1593481106,exit,"2020-04-01 00:00:00","2020-06-30 00:00:00",1585666800,1593442800
3093,34,35,3,"3093,3031,3071,3090","Mozilla/5.0 (Windows NT 10.0; WOW64) AppleWebKit/537.36 (KHTML, like Gecko) Chrome/81.0.4044.138 Safari/537.36",127.0.0.1,"Windows 10","2020-06-30 10:38:27",1593481107,behavior,"2020-04-01 00:00:00","2020-06-30 00:00:00",1585666800,1593442800
3093,34,35,3,"3093,3031,3071,3090","Mozilla/5.0 (Windows NT 10.0; WOW64) AppleWebKit/537.36 (KHTML, like Gecko) Chrome/81.0.4044.138 Safari/537.36",127.0.0.1,"Windows 10","2020-06-30 10:40:58",1593481258,exit,"2020-04-01 00:00:00","2020-06-30 00:00:00",1585666800,1593442800
3093,34,35,3,"3093,3031,3071,3090","Mozilla/5.0 (Windows NT 10.0; WOW64) AppleWebKit/537.36 (KHTML, like Gecko) Chrome/81.0.4044.138 Safari/537.36",127.0.0.1,"Windows 10","2020-06-30 10:40:58",1593481258,behavior,"2020-04-01 00:00:00","2020-06-30 00:00:00",1585666800,1593442800
3093,34,35,3,"3093,3031,3071,3090","Mozilla/5.0 (Windows NT 10.0; WOW64) AppleWebKit/537.36 (KHTML, like Gecko) Chrome/81.0.4044.138 Safari/537.36",127.0.0.1,"Windows 10","2020-06-30 10:43:46",1593481426,exit,"2020-04-01 00:00:00","2020-06-30 00:00:00",1585666800,1593442800
3093,34,35,3,"3093,3031,3071,3090","Mozilla/5.0 (Windows NT 10.0; WOW64) AppleWebKit/537.36 (KHTML, like Gecko) Chrome/81.0.4044.138 Safari/537.36",127.0.0.1,"Windows 10","2020-06-30 10:43:46",1593481426,heatmap,"2020-04-01 00:00:00","2020-06-30 00:00:00",1585666800,1593442800
3093,34,35,3,"3093,3031,3071,3090","Mozilla/5.0 (Windows NT 10.0; WOW64) AppleWebKit/537.36 (KHTML, like Gecko) Chrome/81.0.4044.138 Safari/537.36",127.0.0.1,"Windows 10","2020-06-30 10:44:42",1593481482,exit,"2020-04-01 00:00:00","2020-06-30 00:00:00",1585666800,1593442800
3093,34,35,3,"3093,3031,3071,3090","Mozilla/5.0 (Windows NT 10.0; WOW64) AppleWebKit/537.36 (KHTML, like Gecko) Chrome/81.0.4044.138 Safari/537.36",127.0.0.1,"Windows 10","2020-06-30 10:44:42",1593481482,heatmap,"2020-04-01 00:00:00","2020-06-30 00:00:00",1585666800,1593442800
3093,34,35,3,"3093,3031,3071,3090","Mozilla/5.0 (Windows NT 10.0; WOW64) AppleWebKit/537.36 (KHTML, like Gecko) Chrome/81.0.4044.138 Safari/537.36",127.0.0.1,"Windows 10","2020-06-30 10:44:53",1593481493,exit,"2020-04-01 00:00:00","2020-06-30 00:00:00",1585666800,1593442800
3093,34,35,3,"3093,3031,3071,3090","Mozilla/5.0 (Windows NT 10.0; WOW64) AppleWebKit/537.36 (KHTML, like Gecko) Chrome/81.0.4044.138 Safari/537.36",127.0.0.1,"Windows 10","2020-06-30 10:44:54",1593481494,behavior,"2020-04-01 00:00:00","2020-06-30 00:00:00",1585666800,1593442800
3093,34,35,3,"3093,3031,3071,3090","Mozilla/5.0 (Windows NT 10.0; WOW64) AppleWebKit/537.36 (KHTML, like Gecko) Chrome/81.0.4044.138 Safari/537.36",127.0.0.1,"Windows 10","2020-06-30 10:46:27",1593481587,exit,"2020-04-01 00:00:00","2020-06-30 00:00:00",1585666800,1593442800
3093,34,35,3,"3093,3031,3071,3090","Mozilla/5.0 (Windows NT 10.0; WOW64) AppleWebKit/537.36 (KHTML, like Gecko) Chrome/81.0.4044.138 Safari/537.36",127.0.0.1,"Windows 10","2020-06-30 10:46:28",1593481588,heatmap,"2020-04-01 00:00:00","2020-06-30 00:00:00",1585666800,1593442800
3093,34,35,3,"3093,3031,3071,3090","Mozilla/5.0 (Windows NT 10.0; WOW64) AppleWebKit/537.36 (KHTML, like Gecko) Chrome/81.0.4044.138 Safari/537.36",127.0.0.1,"Windows 10","2020-06-30 10:47:19",1593481639,exit,"2020-04-01 00:00:00","2020-06-30 00:00:00",1585666800,1593442800
3093,34,35,3,"3093,3031,3071,3090","Mozilla/5.0 (Windows NT 10.0; WOW64) AppleWebKit/537.36 (KHTML, like Gecko) Chrome/81.0.4044.138 Safari/537.36",127.0.0.1,"Windows 10","2020-06-30 10:47:20",1593481640,behavior,"2020-04-01 00:00:00","2020-06-30 00:00:00",1585666800,1593442800
3093,34,35,3,"3093,3031,3071,3090","Mozilla/5.0 (Windows NT 10.0; WOW64) AppleWebKit/537.36 (KHTML, like Gecko) Chrome/81.0.4044.138 Safari/537.36",127.0.0.1,"Windows 10","2020-06-30 10:49:23",1593481763,behavior,"2020-04-01 00:00:00","2020-06-30 00:00:00",1585666800,1593442800
3093,34,35,3,"3093,3031,3071,3090","Mozilla/5.0 (Windows NT 10.0; WOW64) AppleWebKit/537.36 (KHTML, like Gecko) Chrome/81.0.4044.138 Safari/537.36",127.0.0.1,"Windows 10","2020-06-30 10:49:45",1593481785,exit,"2020-04-01 00:00:00","2020-06-30 00:00:00",1585666800,1593442800
3093,34,35,3,"3093,3031,3071,3090","Mozilla/5.0 (Windows NT 10.0; WOW64) AppleWebKit/537.36 (KHTML, like Gecko) Chrome/81.0.4044.138 Safari/537.36",127.0.0.1,"Windows 10","2020-06-30 10:49:46",1593481786,behavior,"2020-04-01 00:00:00","2020-06-30 00:00:00",1585666800,1593442800
3093,34,35,3,"3093,3031,3071,3090","Mozilla/5.0 (Windows NT 10.0; WOW64) AppleWebKit/537.36 (KHTML, like Gecko) Chrome/81.0.4044.138 Safari/537.36",127.0.0.1,"Windows 10","2020-06-30 11:01:48",1593482508,exit,"2020-04-01 00:00:00","2020-06-30 00:00:00",1585666800,1593442800
3093,34,35,3,"3093,3031,3071,3090","Mozilla/5.0 (Windows NT 10.0; WOW64) AppleWebKit/537.36 (KHTML, like Gecko) Chrome/81.0.4044.138 Safari/537.36",127.0.0.1,"Windows 10","2020-06-30 11:15:12",1593483312,behavior,"2020-06-30 11:15:12","2020-06-30 11:15:12",1593483312,1593483312
3093,34,35,3,"3093,3031,3071,3090","Mozilla/5.0 (Windows NT 10.0; WOW64) AppleWebKit/537.36 (KHTML, like Gecko) Chrome/81.0.4044.138 Safari/537.36",127.0.0.1,"Windows 10","2020-06-30 11:16:10",1593483370,behavior,"2020-01-01 00:00:00","2020-06-30 00:00:00",1577804400,1593442800
3093,34,35,3,"3093,3031,3071,3090","Mozilla/5.0 (Windows NT 10.0; WOW64) AppleWebKit/537.36 (KHTML, like Gecko) Chrome/81.0.4044.138 Safari/537.36",127.0.0.1,"Windows 10","2020-06-30 11:18:14",1593483494,exit,"2020-01-01 00:00:00","2020-06-30 00:00:00",1577804400,1593442800
3093,34,35,3,"3093,3031,3071,3090","Mozilla/5.0 (Windows NT 10.0; WOW64) AppleWebKit/537.36 (KHTML, like Gecko) Chrome/81.0.4044.138 Safari/537.36",127.0.0.1,"Windows 10","2020-06-30 11:18:14",1593483494,behavior,"2020-01-01 00:00:00","2020-06-30 00:00:00",1577804400,1593442800
3093,34,35,3,"3093,3031,3071,3090","Mozilla/5.0 (Windows NT 10.0; WOW64) AppleWebKit/537.36 (KHTML, like Gecko) Chrome/81.0.4044.138 Safari/537.36",127.0.0.1,"Windows 10","2020-06-30 11:18:17",1593483497,exit,"2020-01-01 00:00:00","2020-06-30 00:00:00",1577804400,1593442800
3093,34,35,3,"3093,3031,3071,3090","Mozilla/5.0 (Windows NT 10.0; WOW64) AppleWebKit/537.36 (KHTML, like Gecko) Chrome/81.0.4044.138 Safari/537.36",127.0.0.1,"Windows 10","2020-06-30 11:18:17",1593483497,behavior,"2020-01-01 00:00:00","2020-06-30 00:00:00",1577804400,1593442800
3093,34,35,3,"3093,3031,3071,3090","Mozilla/5.0 (Windows NT 10.0; WOW64) AppleWebKit/537.36 (KHTML, like Gecko) Chrome/81.0.4044.138 Safari/537.36",127.0.0.1,"Windows 10","2020-06-30 11:18:24",1593483504,exit,"2020-01-01 00:00:00","2020-06-30 00:00:00",1577804400,1593442800
3093,34,35,3,"3093,3031,3071,3090","Mozilla/5.0 (Windows NT 10.0; WOW64) AppleWebKit/537.36 (KHTML, like Gecko) Chrome/81.0.4044.138 Safari/537.36",127.0.0.1,"Windows 10","2020-06-30 11:18:38",1593483518,exit,"2020-06-30 11:18:38","2020-06-30 11:18:38",1593483518,1593483518
3093,34,35,3,"3093,3031,3071,3090","Mozilla/5.0 (Windows NT 10.0; WOW64) AppleWebKit/537.36 (KHTML, like Gecko) Chrome/81.0.4044.138 Safari/537.36",127.0.0.1,"Windows 10","2020-06-30 11:18:38",1593483518,behavior,"2020-06-30 11:18:38","2020-06-30 11:18:38",1593483518,1593483518
3093,34,35,3,"3093,3031,3071,3090","Mozilla/5.0 (Windows NT 10.0; WOW64) AppleWebKit/537.36 (KHTML, like Gecko) Chrome/81.0.4044.138 Safari/537.36",127.0.0.1,"Windows 10","2020-06-30 11:19:09",1593483549,exit,"2020-06-30 11:19:09","2020-06-30 11:19:09",1593483549,1593483549
3093,34,35,3,"3093,3031,3071,3090","Mozilla/5.0 (Windows NT 10.0; WOW64) AppleWebKit/537.36 (KHTML, like Gecko) Chrome/81.0.4044.138 Safari/537.36",127.0.0.1,"Windows 10","2020-06-30 11:19:09",1593483549,behavior,"2020-06-30 11:19:09","2020-06-30 11:19:09",1593483549,1593483549
3093,34,35,3,"3093,3031,3071,3090","Mozilla/5.0 (Windows NT 10.0; WOW64) AppleWebKit/537.36 (KHTML, like Gecko) Chrome/81.0.4044.138 Safari/537.36",127.0.0.1,"Windows 10","2020-06-30 11:19:16",1593483556,exit,"2020-02-05 00:00:00","2020-06-17 00:00:00",1580828400,1592319600
3093,34,35,3,"3093,3031,3071,3090","Mozilla/5.0 (Windows NT 10.0; WOW64) AppleWebKit/537.36 (KHTML, like Gecko) Chrome/81.0.4044.138 Safari/537.36",127.0.0.1,"Windows 10","2020-06-30 11:19:16",1593483556,behavior,"2020-02-05 00:00:00","2020-06-17 00:00:00",1580828400,1592319600
3093,34,35,3,"3093,3031,3071,3090","Mozilla/5.0 (Windows NT 10.0; WOW64) AppleWebKit/537.36 (KHTML, like Gecko) Chrome/81.0.4044.138 Safari/537.36",127.0.0.1,"Windows 10","2020-06-30 11:19:17",1593483557,behavior,"2020-02-05 00:00:00","2020-06-17 00:00:00",1580828400,1592319600
3093,34,35,3,"3093,3031,3071,3090","Mozilla/5.0 (Windows NT 10.0; WOW64) AppleWebKit/537.36 (KHTML, like Gecko) Chrome/81.0.4044.138 Safari/537.36",127.0.0.1,"Windows 10","2020-06-30 11:24:20",1593483860,exit,"2020-02-05 00:00:00","2020-06-17 00:00:00",1580828400,1592319600
3093,34,35,2,"3093,3031,3071,3090","Mozilla/5.0 (Windows NT 10.0; WOW64) AppleWebKit/537.36 (KHTML, like Gecko) Chrome/81.0.4044.138 Safari/537.36",127.0.0.1,"Windows 10","2020-06-30 11:25:09",1593483909,behavior,"2020-06-30 11:25:09","2020-06-30 11:25:09",1593483909,1593483909
3093,34,35,2,"3093,3031,3071,3090","Mozilla/5.0 (Windows NT 10.0; WOW64) AppleWebKit/537.36 (KHTML, like Gecko) Chrome/81.0.4044.138 Safari/537.36",127.0.0.1,"Windows 10","2020-06-30 11:30:07",1593484207,exit,"2020-06-30 11:30:07","2020-06-30 11:30:07",1593484207,1593484207
3093,34,35,2,"3093,3031,3071,3090","Mozilla/5.0 (Windows NT 10.0; WOW64) AppleWebKit/537.36 (KHTML, like Gecko) Chrome/81.0.4044.138 Safari/537.36",127.0.0.1,"Windows 10","2020-06-30 11:30:08",1593484208,discussion,"2020-06-30 11:30:08","2020-06-30 11:30:08",1593484208,1593484208
3093,34,35,2,"3093,3031,3071,3090","Mozilla/5.0 (Windows NT 10.0; WOW64) AppleWebKit/537.36 (KHTML, like Gecko) Chrome/81.0.4044.138 Safari/537.36",127.0.0.1,"Windows 10","2020-06-30 11:30:14",1593484214,exit,"2020-06-30 11:30:14","2020-06-30 11:30:14",1593484214,1593484214
3093,34,35,2,"3093,3031,3071,3090","Mozilla/5.0 (Windows NT 10.0; WOW64) AppleWebKit/537.36 (KHTML, like Gecko) Chrome/81.0.4044.138 Safari/537.36",127.0.0.1,"Windows 10","2020-06-30 11:30:20",1593484220,discussion,"2020-06-30 11:30:20","2020-06-30 11:30:20",1593484220,1593484220
3093,34,35,2,"3093,3031,3071,3090","Mozilla/5.0 (Windows NT 10.0; WOW64) AppleWebKit/537.36 (KHTML, like Gecko) Chrome/81.0.4044.138 Safari/537.36",127.0.0.1,"Windows 10","2020-06-30 11:30:58",1593484258,exit,"2020-06-30 11:30:58","2020-06-30 11:30:58",1593484258,1593484258
3093,34,35,2,"3093,3031,3071,3090","Mozilla/5.0 (Windows NT 10.0; WOW64) AppleWebKit/537.36 (KHTML, like Gecko) Chrome/81.0.4044.138 Safari/537.36",127.0.0.1,"Windows 10","2020-06-30 11:33:55",1593484435,discussion,"2020-06-30 11:33:55","2020-06-30 11:33:55",1593484435,1593484435
3093,34,35,2,"3093,3031,3071,3090","Mozilla/5.0 (Windows NT 10.0; WOW64) AppleWebKit/537.36 (KHTML, like Gecko) Chrome/81.0.4044.138 Safari/537.36",127.0.0.1,"Windows 10","2020-06-30 11:34:07",1593484447,exit,"2020-02-03 00:00:00","2020-06-30 00:00:00",1580655600,1593442800
3093,34,35,2,"3093,3031,3071,3090","Mozilla/5.0 (Windows NT 10.0; WOW64) AppleWebKit/537.36 (KHTML, like Gecko) Chrome/81.0.4044.138 Safari/537.36",127.0.0.1,"Windows 10","2020-06-30 11:34:07",1593484447,discussion,"2020-02-03 00:00:00","2020-06-30 00:00:00",1580655600,1593442800
3093,34,35,2,"3093,3031,3071,3090","Mozilla/5.0 (Windows NT 10.0; WOW64) AppleWebKit/537.36 (KHTML, like Gecko) Chrome/81.0.4044.138 Safari/537.36",127.0.0.1,"Windows 10","2020-06-30 11:34:08",1593484448,discussion,"2020-02-03 00:00:00","2020-06-30 00:00:00",1580655600,1593442800
3093,34,35,2,"3093,3031,3071,3090","Mozilla/5.0 (Windows NT 10.0; WOW64) AppleWebKit/537.36 (KHTML, like Gecko) Chrome/81.0.4044.138 Safari/537.36",127.0.0.1,"Windows 10","2020-06-30 11:35:36",1593484536,exit,"2020-02-03 00:00:00","2020-06-30 00:00:00",1580655600,1593442800
3093,34,35,2,"3093,3031,3071,3090","Mozilla/5.0 (Windows NT 10.0; WOW64) AppleWebKit/537.36 (KHTML, like Gecko) Chrome/81.0.4044.138 Safari/537.36",127.0.0.1,"Windows 10","2020-06-30 11:35:38",1593484538,heatmap,"2020-02-03 00:00:00","2020-06-30 00:00:00",1580655600,1593442800
3093,34,35,2,"3093,3031,3071,3090","Mozilla/5.0 (Windows NT 10.0; WOW64) AppleWebKit/537.36 (KHTML, like Gecko) Chrome/81.0.4044.138 Safari/537.36",127.0.0.1,"Windows 10","2020-06-30 11:36:03",1593484563,exit,"2020-02-03 00:00:00","2020-06-30 00:00:00",1580655600,1593442800
3093,34,35,2,"3093,3031,3071,3090","Mozilla/5.0 (Windows NT 10.0; WOW64) AppleWebKit/537.36 (KHTML, like Gecko) Chrome/81.0.4044.138 Safari/537.36",127.0.0.1,"Windows 10","2020-06-30 11:36:04",1593484564,heatmap,"2020-02-03 00:00:00","2020-06-30 00:00:00",1580655600,1593442800
3093,34,35,2,"3093,3031,3071,3090","Mozilla/5.0 (Windows NT 10.0; WOW64) AppleWebKit/537.36 (KHTML, like Gecko) Chrome/81.0.4044.138 Safari/537.36",127.0.0.1,"Windows 10","2020-06-30 11:38:04",1593484684,exit,"2020-02-03 00:00:00","2020-06-30 00:00:00",1580655600,1593442800
3093,34,35,2,"3093,3031,3071,3090","Mozilla/5.0 (Windows NT 10.0; WOW64) AppleWebKit/537.36 (KHTML, like Gecko) Chrome/81.0.4044.138 Safari/537.36",127.0.0.1,"Windows 10","2020-06-30 11:38:05",1593484685,heatmap,"2020-02-03 00:00:00","2020-06-30 00:00:00",1580655600,1593442800
3093,34,35,2,"3093,3031,3071,3090","Mozilla/5.0 (Windows NT 10.0; WOW64) AppleWebKit/537.36 (KHTML, like Gecko) Chrome/81.0.4044.138 Safari/537.36",127.0.0.1,"Windows 10","2020-06-30 11:40:53",1593484853,exit,"2020-02-03 00:00:00","2020-06-30 00:00:00",1580655600,1593442800
3093,34,35,2,"3093,3031,3071,3090","Mozilla/5.0 (Windows NT 10.0; WOW64) AppleWebKit/537.36 (KHTML, like Gecko) Chrome/81.0.4044.138 Safari/537.36",127.0.0.1,"Windows 10","2020-06-30 11:40:54",1593484854,heatmap,"2020-02-03 00:00:00","2020-06-30 00:00:00",1580655600,1593442800
3093,34,35,2,"3093,3031,3071,3090","Mozilla/5.0 (Windows NT 10.0; WOW64) AppleWebKit/537.36 (KHTML, like Gecko) Chrome/81.0.4044.138 Safari/537.36",127.0.0.1,"Windows 10","2020-06-30 11:41:44",1593484904,exit,"2020-02-03 00:00:00","2020-06-30 00:00:00",1580655600,1593442800
3093,34,35,2,"3093,3031,3071,3090","Mozilla/5.0 (Windows NT 10.0; WOW64) AppleWebKit/537.36 (KHTML, like Gecko) Chrome/81.0.4044.138 Safari/537.36",127.0.0.1,"Windows 10","2020-06-30 11:41:45",1593484905,heatmap,"2020-02-03 00:00:00","2020-06-30 00:00:00",1580655600,1593442800
3093,34,35,2,"3093,3031,3071,3090","Mozilla/5.0 (Windows NT 10.0; WOW64) AppleWebKit/537.36 (KHTML, like Gecko) Chrome/81.0.4044.138 Safari/537.36",127.0.0.1,"Windows 10","2020-06-30 11:42:45",1593484965,exit,"2020-02-03 00:00:00","2020-06-30 00:00:00",1580655600,1593442800
3093,34,35,2,"3093,3031,3071,3090","Mozilla/5.0 (Windows NT 10.0; WOW64) AppleWebKit/537.36 (KHTML, like Gecko) Chrome/81.0.4044.138 Safari/537.36",127.0.0.1,"Windows 10","2020-06-30 11:44:10",1593485050,discussion,"2020-02-03 00:00:00","2020-06-30 00:00:00",1580655600,1593442800
3093,34,35,2,"3093,3031,3071,3090","Mozilla/5.0 (Windows NT 10.0; WOW64) AppleWebKit/537.36 (KHTML, like Gecko) Chrome/81.0.4044.138 Safari/537.36",127.0.0.1,"Windows 10","2020-06-30 11:47:37",1593485257,exit,"2020-02-03 00:00:00","2020-06-30 00:00:00",1580655600,1593442800
3093,34,35,2,"3093,3031,3071,3090","Mozilla/5.0 (Windows NT 10.0; WOW64) AppleWebKit/537.36 (KHTML, like Gecko) Chrome/81.0.4044.138 Safari/537.36",127.0.0.1,"Windows 10","2020-06-30 11:47:38",1593485258,discussion,"2020-02-03 00:00:00","2020-06-30 00:00:00",1580655600,1593442800
3093,34,35,2,"3093,3031,3071,3090","Mozilla/5.0 (Windows NT 10.0; WOW64) AppleWebKit/537.36 (KHTML, like Gecko) Chrome/81.0.4044.138 Safari/537.36",127.0.0.1,"Windows 10","2020-06-30 11:47:55",1593485275,exit,"2020-02-03 00:00:00","2020-06-30 00:00:00",1580655600,1593442800
3093,34,35,2,"3093,3031,3071,3090","Mozilla/5.0 (Windows NT 10.0; WOW64) AppleWebKit/537.36 (KHTML, like Gecko) Chrome/81.0.4044.138 Safari/537.36",127.0.0.1,"Windows 10","2020-06-30 11:47:56",1593485276,discussion,"2020-02-03 00:00:00","2020-06-30 00:00:00",1580655600,1593442800
3093,34,35,2,"3093,3031,3071,3090","Mozilla/5.0 (Windows NT 10.0; WOW64) AppleWebKit/537.36 (KHTML, like Gecko) Chrome/81.0.4044.138 Safari/537.36",127.0.0.1,"Windows 10","2020-06-30 11:49:35",1593485375,exit,"2020-02-03 00:00:00","2020-06-30 00:00:00",1580655600,1593442800
3093,34,35,2,"3093,3031,3071,3090","Mozilla/5.0 (Windows NT 10.0; WOW64) AppleWebKit/537.36 (KHTML, like Gecko) Chrome/81.0.4044.138 Safari/537.36",127.0.0.1,"Windows 10","2020-06-30 11:49:36",1593485376,discussion,"2020-02-03 00:00:00","2020-06-30 00:00:00",1580655600,1593442800
3093,34,35,2,"3093,3031,3071,3090","Mozilla/5.0 (Windows NT 10.0; WOW64) AppleWebKit/537.36 (KHTML, like Gecko) Chrome/81.0.4044.138 Safari/537.36",127.0.0.1,"Windows 10","2020-06-30 11:50:39",1593485439,exit,"2020-02-03 00:00:00","2020-06-30 00:00:00",1580655600,1593442800
3093,34,35,2,"3093,3031,3071,3090","Mozilla/5.0 (Windows NT 10.0; WOW64) AppleWebKit/537.36 (KHTML, like Gecko) Chrome/81.0.4044.138 Safari/537.36",127.0.0.1,"Windows 10","2020-06-30 11:51:06",1593485466,behavior,"2020-02-03 00:00:00","2020-06-30 00:00:00",1580655600,1593442800
3093,34,35,2,"3093,3031,3071,3090","Mozilla/5.0 (Windows NT 10.0; WOW64) AppleWebKit/537.36 (KHTML, like Gecko) Chrome/81.0.4044.138 Safari/537.36",127.0.0.1,"Windows 10","2020-06-30 11:51:26",1593485486,behavior,"2020-02-05 00:00:00","2020-06-30 00:00:00",1580828400,1593442800
3093,34,35,2,"3093,3031,3071,3090","Mozilla/5.0 (Windows NT 10.0; WOW64) AppleWebKit/537.36 (KHTML, like Gecko) Chrome/81.0.4044.138 Safari/537.36",127.0.0.1,"Windows 10","2020-06-30 11:51:28",1593485488,exit,"2020-02-05 00:00:00","2020-06-30 00:00:00",1580828400,1593442800
3093,34,35,2,"3093,3031,3071,3090","Mozilla/5.0 (Windows NT 10.0; WOW64) AppleWebKit/537.36 (KHTML, like Gecko) Chrome/81.0.4044.138 Safari/537.36",127.0.0.1,"Windows 10","2020-06-30 11:51:28",1593485488,behavior,"2020-02-05 00:00:00","2020-06-30 00:00:00",1580828400,1593442800
3093,34,35,2,"3093,3031,3071,3090","Mozilla/5.0 (Windows NT 10.0; WOW64) AppleWebKit/537.36 (KHTML, like Gecko) Chrome/81.0.4044.138 Safari/537.36",127.0.0.1,"Windows 10","2020-06-30 11:51:41",1593485501,exit,"2020-02-05 00:00:00","2020-06-30 00:00:00",1580828400,1593442800
3093,34,35,2,"3093,3031,3071,3090","Mozilla/5.0 (Windows NT 10.0; WOW64) AppleWebKit/537.36 (KHTML, like Gecko) Chrome/81.0.4044.138 Safari/537.36",127.0.0.1,"Windows 10","2020-06-30 11:51:42",1593485502,behavior,"2020-02-05 00:00:00","2020-06-30 00:00:00",1580828400,1593442800
3093,34,35,2,"3093,3031,3071,3090","Mozilla/5.0 (Windows NT 10.0; WOW64) AppleWebKit/537.36 (KHTML, like Gecko) Chrome/81.0.4044.138 Safari/537.36",127.0.0.1,"Windows 10","2020-06-30 11:51:47",1593485507,exit,"2020-02-05 00:00:00","2020-06-30 00:00:00",1580828400,1593442800
3093,34,35,2,"3093,3031,3071,3090","Mozilla/5.0 (Windows NT 10.0; WOW64) AppleWebKit/537.36 (KHTML, like Gecko) Chrome/81.0.4044.138 Safari/537.36",127.0.0.1,"Windows 10","2020-06-30 11:51:47",1593485507,heatmap,"2020-02-05 00:00:00","2020-06-30 00:00:00",1580828400,1593442800
3093,34,35,2,"3093,3031,3071,3090","Mozilla/5.0 (Windows NT 10.0; WOW64) AppleWebKit/537.36 (KHTML, like Gecko) Chrome/81.0.4044.138 Safari/537.36",127.0.0.1,"Windows 10","2020-06-30 11:51:53",1593485513,exit,"2020-02-05 00:00:00","2020-06-30 00:00:00",1580828400,1593442800
3093,34,35,2,"3093,3031,3071,3090","Mozilla/5.0 (Windows NT 10.0; WOW64) AppleWebKit/537.36 (KHTML, like Gecko) Chrome/81.0.4044.138 Safari/537.36",127.0.0.1,"Windows 10","2020-06-30 11:51:53",1593485513,discussion,"2020-02-05 00:00:00","2020-06-30 00:00:00",1580828400,1593442800
3093,34,35,2,"3093,3031,3071,3090","Mozilla/5.0 (Windows NT 10.0; WOW64) AppleWebKit/537.36 (KHTML, like Gecko) Chrome/81.0.4044.138 Safari/537.36",127.0.0.1,"Windows 10","2020-06-30 11:53:20",1593485600,exit,"2020-02-05 00:00:00","2020-06-30 00:00:00",1580828400,1593442800
3093,34,35,2,"3093,3031,3071,3090","Mozilla/5.0 (Windows NT 10.0; WOW64) AppleWebKit/537.36 (KHTML, like Gecko) Chrome/81.0.4044.138 Safari/537.36",127.0.0.1,"Windows 10","2020-06-30 11:53:21",1593485601,heatmap,"2020-02-05 00:00:00","2020-06-30 00:00:00",1580828400,1593442800
3093,34,35,,"3093,3031,3071,3090","Mozilla/5.0 (Windows NT 10.0; WOW64) AppleWebKit/537.36 (KHTML, like Gecko) Chrome/81.0.4044.138 Safari/537.36",127.0.0.1,"Windows 10","2020-07-03 15:08:29",1593756509,behavior,"2020-07-03 15:08:29","2020-07-03 15:08:29",1593756509,1593756509
3093,34,35,,"3093,3031,3071,3090","Mozilla/5.0 (Windows NT 10.0; WOW64) AppleWebKit/537.36 (KHTML, like Gecko) Chrome/81.0.4044.138 Safari/537.36",127.0.0.1,"Windows 10","2020-07-03 15:08:35",1593756515,exit,"2020-07-03 15:08:35","2020-07-03 15:08:35",1593756515,1593756515
3093,34,35,,"3093,3031,3071,3090","Mozilla/5.0 (Windows NT 10.0; WOW64) AppleWebKit/537.36 (KHTML, like Gecko) Chrome/81.0.4044.138 Safari/537.36",127.0.0.1,"Windows 10","2020-07-03 15:08:51",1593756531,behavior,"2020-07-03 15:08:51","2020-07-03 15:08:51",1593756531,1593756531
3093,34,35,,"3093,3031,3071,3090","Mozilla/5.0 (Windows NT 10.0; WOW64) AppleWebKit/537.36 (KHTML, like Gecko) Chrome/81.0.4044.138 Safari/537.36",127.0.0.1,"Windows 10","2020-07-03 15:08:55",1593756535,exit,"2020-07-03 15:08:55","2020-07-03 15:08:55",1593756535,1593756535
3093,34,35,2,"3093,3031,3071,3090","Mozilla/5.0 (Windows NT 10.0; WOW64) AppleWebKit/537.36 (KHTML, like Gecko) Chrome/81.0.4044.138 Safari/537.36",127.0.0.1,"Windows 10","2020-07-03 15:13:29",1593756809,behavior,"2020-07-03 15:13:29","2020-07-03 15:13:29",1593756809,1593756809
3093,34,35,2,"3093,3031,3071,3090","Mozilla/5.0 (Windows NT 10.0; WOW64) AppleWebKit/537.36 (KHTML, like Gecko) Chrome/81.0.4044.138 Safari/537.36",127.0.0.1,"Windows 10","2020-07-03 15:13:32",1593756812,exit,"2020-07-03 15:13:32","2020-07-03 15:13:32",1593756812,1593756812
3093,34,35,2,"3093,3031,3071,3090","Mozilla/5.0 (Windows NT 10.0; WOW64) AppleWebKit/537.36 (KHTML, like Gecko) Chrome/81.0.4044.138 Safari/537.36",127.0.0.1,"Windows 10","2020-07-03 15:25:22",1593757522,heatmap,"2020-07-03 15:25:22","2020-07-03 15:25:22",1593757522,1593757522
3093,34,35,2,"3093,3031,3071,3090","Mozilla/5.0 (Windows NT 10.0; WOW64) AppleWebKit/537.36 (KHTML, like Gecko) Chrome/81.0.4044.138 Safari/537.36",127.0.0.1,"Windows 10","2020-07-03 15:25:32",1593757532,exit,"2020-03-04 00:00:00","2020-07-03 00:00:00",1583247600,1593702000
3093,34,35,2,"3093,3031,3071,3090","Mozilla/5.0 (Windows NT 10.0; WOW64) AppleWebKit/537.36 (KHTML, like Gecko) Chrome/81.0.4044.138 Safari/537.36",127.0.0.1,"Windows 10","2020-07-03 15:25:32",1593757532,heatmap,"2020-03-04 00:00:00","2020-07-03 00:00:00",1583247600,1593702000
3093,34,35,2,"3093,3031,3071,3090","Mozilla/5.0 (Windows NT 10.0; WOW64) AppleWebKit/537.36 (KHTML, like Gecko) Chrome/81.0.4044.138 Safari/537.36",127.0.0.1,"Windows 10","2020-07-03 15:25:35",1593757535,heatmap,"2020-03-04 00:00:00","2020-07-03 00:00:00",1583247600,1593702000
3093,34,35,2,"3093,3031,3071,3090","Mozilla/5.0 (Windows NT 10.0; WOW64) AppleWebKit/537.36 (KHTML, like Gecko) Chrome/81.0.4044.138 Safari/537.36",127.0.0.1,"Windows 10","2020-07-03 15:26:01",1593757561,exit,"2020-03-04 00:00:00","2020-07-03 00:00:00",1583247600,1593702000
3093,34,35,2,"3093,3031,3071,3090","Mozilla/5.0 (Windows NT 10.0; WOW64) AppleWebKit/537.36 (KHTML, like Gecko) Chrome/81.0.4044.138 Safari/537.36",127.0.0.1,"Windows 10","2020-07-03 15:47:43",1593758863,heatmap,"2020-07-03 15:47:43","2020-07-03 15:47:43",1593758863,1593758863
3093,34,35,2,"3093,3031,3071,3090","Mozilla/5.0 (Windows NT 10.0; WOW64) AppleWebKit/537.36 (KHTML, like Gecko) Chrome/81.0.4044.138 Safari/537.36",127.0.0.1,"Windows 10","2020-07-03 15:50:04",1593759004,exit,"2020-04-01 00:00:00","2020-07-03 00:00:00",1585666800,1593702000
3093,34,35,2,"3093,3031,3071,3090","Mozilla/5.0 (Windows NT 10.0; WOW64) AppleWebKit/537.36 (KHTML, like Gecko) Chrome/81.0.4044.138 Safari/537.36",127.0.0.1,"Windows 10","2020-07-03 15:50:04",1593759004,heatmap,"2020-04-01 00:00:00","2020-07-03 00:00:00",1585666800,1593702000
3093,34,35,2,"3093,3031,3071,3090","Mozilla/5.0 (Windows NT 10.0; WOW64) AppleWebKit/537.36 (KHTML, like Gecko) Chrome/81.0.4044.138 Safari/537.36",127.0.0.1,"Windows 10","2020-07-03 15:51:11",1593759071,heatmap,"2020-04-01 00:00:00","2020-07-03 00:00:00",1585666800,1593702000
3093,34,35,2,"3093,3031,3071,3090","Mozilla/5.0 (Windows NT 10.0; WOW64) AppleWebKit/537.36 (KHTML, like Gecko) Chrome/81.0.4044.138 Safari/537.36",127.0.0.1,"Windows 10","2020-07-03 15:51:38",1593759098,exit,"2020-04-01 00:00:00","2020-07-03 00:00:00",1585666800,1593702000
3093,34,35,2,"3093,3031,3071,3090","Mozilla/5.0 (Windows NT 10.0; WOW64) AppleWebKit/537.36 (KHTML, like Gecko) Chrome/81.0.4044.138 Safari/537.36",127.0.0.1,"Windows 10","2020-07-03 15:51:39",1593759099,heatmap,"2020-04-01 00:00:00","2020-07-03 00:00:00",1585666800,1593702000
3093,34,35,2,"3093,3031,3071,3090","Mozilla/5.0 (Windows NT 10.0; WOW64) AppleWebKit/537.36 (KHTML, like Gecko) Chrome/81.0.4044.138 Safari/537.36",127.0.0.1,"Windows 10","2020-07-03 15:51:58",1593759118,exit,"2020-04-01 00:00:00","2020-07-03 00:00:00",1585666800,1593702000
3093,34,35,2,"3093,3031,3071,3090","Mozilla/5.0 (Windows NT 10.0; WOW64) AppleWebKit/537.36 (KHTML, like Gecko) Chrome/81.0.4044.138 Safari/537.36",127.0.0.1,"Windows 10","2020-07-03 15:51:59",1593759119,heatmap,"2020-04-01 00:00:00","2020-07-03 00:00:00",1585666800,1593702000
3093,34,35,2,"3093,3031,3071,3090","Mozilla/5.0 (Windows NT 10.0; WOW64) AppleWebKit/537.36 (KHTML, like Gecko) Chrome/81.0.4044.138 Safari/537.36",127.0.0.1,"Windows 10","2020-07-03 15:52:36",1593759156,exit,"2020-04-01 00:00:00","2020-07-03 00:00:00",1585666800,1593702000
3093,34,35,2,"3093,3031,3071,3090","Mozilla/5.0 (Windows NT 10.0; WOW64) AppleWebKit/537.36 (KHTML, like Gecko) Chrome/81.0.4044.138 Safari/537.36",127.0.0.1,"Windows 10","2020-07-03 15:52:37",1593759157,heatmap,"2020-04-01 00:00:00","2020-07-03 00:00:00",1585666800,1593702000
3093,34,35,2,"3093,3031,3071,3090","Mozilla/5.0 (Windows NT 10.0; WOW64) AppleWebKit/537.36 (KHTML, like Gecko) Chrome/81.0.4044.138 Safari/537.36",127.0.0.1,"Windows 10","2020-07-03 15:52:59",1593759179,exit,"2020-04-01 00:00:00","2020-07-03 00:00:00",1585666800,1593702000
3093,34,35,2,"3093,3031,3071,3090","Mozilla/5.0 (Windows NT 10.0; WOW64) AppleWebKit/537.36 (KHTML, like Gecko) Chrome/81.0.4044.138 Safari/537.36",127.0.0.1,"Windows 10","2020-07-03 15:53:00",1593759180,heatmap,"2020-04-01 00:00:00","2020-07-03 00:00:00",1585666800,1593702000
3093,34,35,2,"3093,3031,3071,3090","Mozilla/5.0 (Windows NT 10.0; WOW64) AppleWebKit/537.36 (KHTML, like Gecko) Chrome/81.0.4044.138 Safari/537.36",127.0.0.1,"Windows 10","2020-07-03 15:57:40",1593759460,exit,"2020-04-01 00:00:00","2020-07-03 00:00:00",1585666800,1593702000
3093,34,35,2,"3093,3031,3071,3090","Mozilla/5.0 (Windows NT 10.0; WOW64) AppleWebKit/537.36 (KHTML, like Gecko) Chrome/81.0.4044.138 Safari/537.36",127.0.0.1,"Windows 10","2020-07-03 15:57:41",1593759461,heatmap,"2020-04-01 00:00:00","2020-07-03 00:00:00",1585666800,1593702000
3093,34,35,2,"3093,3031,3071,3090","Mozilla/5.0 (Windows NT 10.0; WOW64) AppleWebKit/537.36 (KHTML, like Gecko) Chrome/81.0.4044.138 Safari/537.36",127.0.0.1,"Windows 10","2020-07-03 16:02:47",1593759767,exit,"2020-04-01 00:00:00","2020-07-03 00:00:00",1585666800,1593702000
3093,34,35,2,"3093,3031,3071,3090","Mozilla/5.0 (Windows NT 10.0; WOW64) AppleWebKit/537.36 (KHTML, like Gecko) Chrome/81.0.4044.138 Safari/537.36",127.0.0.1,"Windows 10","2020-07-03 16:02:48",1593759768,heatmap,"2020-04-01 00:00:00","2020-07-03 00:00:00",1585666800,1593702000
3093,34,35,2,"3093,3031,3071,3090","Mozilla/5.0 (Windows NT 10.0; WOW64) AppleWebKit/537.36 (KHTML, like Gecko) Chrome/81.0.4044.138 Safari/537.36",127.0.0.1,"Windows 10","2020-07-03 16:03:38",1593759818,exit,"2020-04-01 00:00:00","2020-07-03 00:00:00",1585666800,1593702000
3093,34,35,2,"3093,3031,3071,3090","Mozilla/5.0 (Windows NT 10.0; WOW64) AppleWebKit/537.36 (KHTML, like Gecko) Chrome/81.0.4044.138 Safari/537.36",127.0.0.1,"Windows 10","2020-07-03 16:03:39",1593759819,heatmap,"2020-04-01 00:00:00","2020-07-03 00:00:00",1585666800,1593702000
3093,34,35,2,"3093,3031,3071,3090","Mozilla/5.0 (Windows NT 10.0; WOW64) AppleWebKit/537.36 (KHTML, like Gecko) Chrome/81.0.4044.138 Safari/537.36",127.0.0.1,"Windows 10","2020-07-03 16:09:03",1593760143,exit,"2020-04-01 00:00:00","2020-07-03 00:00:00",1585666800,1593702000
3093,34,35,2,"3093,3031,3071,3090","Mozilla/5.0 (Windows NT 10.0; WOW64) AppleWebKit/537.36 (KHTML, like Gecko) Chrome/81.0.4044.138 Safari/537.36",127.0.0.1,"Windows 10","2020-07-03 16:09:03",1593760143,heatmap,"2020-04-01 00:00:00","2020-07-03 00:00:00",1585666800,1593702000
3093,34,35,2,"3093,3031,3071,3090","Mozilla/5.0 (Windows NT 10.0; WOW64) AppleWebKit/537.36 (KHTML, like Gecko) Chrome/81.0.4044.138 Safari/537.36",127.0.0.1,"Windows 10","2020-07-03 16:09:26",1593760166,exit,"2020-04-01 00:00:00","2020-07-03 00:00:00",1585666800,1593702000
3093,34,35,2,"3093,3031,3071,3090","Mozilla/5.0 (Windows NT 10.0; WOW64) AppleWebKit/537.36 (KHTML, like Gecko) Chrome/81.0.4044.138 Safari/537.36",127.0.0.1,"Windows 10","2020-07-03 16:09:27",1593760167,heatmap,"2020-04-01 00:00:00","2020-07-03 00:00:00",1585666800,1593702000
3093,34,35,2,"3093,3031,3071,3090","Mozilla/5.0 (Windows NT 10.0; WOW64) AppleWebKit/537.36 (KHTML, like Gecko) Chrome/81.0.4044.138 Safari/537.36",127.0.0.1,"Windows 10","2020-07-03 16:09:33",1593760173,exit,"2020-04-01 00:00:00","2020-07-03 00:00:00",1585666800,1593702000
3093,34,35,2,"3093,3031,3071,3090","Mozilla/5.0 (Windows NT 10.0; WOW64) AppleWebKit/537.36 (KHTML, like Gecko) Chrome/81.0.4044.138 Safari/537.36",127.0.0.1,"Windows 10","2020-07-03 16:09:39",1593760179,heatmap,"2020-07-03 16:09:39","2020-07-03 16:09:39",1593760179,1593760179
3093,34,35,2,"3093,3031,3071,3090","Mozilla/5.0 (Windows NT 10.0; WOW64) AppleWebKit/537.36 (KHTML, like Gecko) Chrome/81.0.4044.138 Safari/537.36",127.0.0.1,"Windows 10","2020-07-03 16:10:09",1593760209,exit,"2020-07-03 16:10:09","2020-07-03 16:10:09",1593760209,1593760209
3093,34,35,2,"3093,3031,3071,3090","Mozilla/5.0 (Windows NT 10.0; WOW64) AppleWebKit/537.36 (KHTML, like Gecko) Chrome/81.0.4044.138 Safari/537.36",127.0.0.1,"Windows 10","2020-07-03 16:10:09",1593760209,heatmap,"2020-07-03 16:10:09","2020-07-03 16:10:09",1593760209,1593760209
3093,34,35,2,"3093,3031,3071,3090","Mozilla/5.0 (Windows NT 10.0; WOW64) AppleWebKit/537.36 (KHTML, like Gecko) Chrome/81.0.4044.138 Safari/537.36",127.0.0.1,"Windows 10","2020-07-03 16:12:45",1593760365,heatmap,"2020-04-01 00:00:00","2020-07-03 00:00:00",1585666800,1593702000
3093,34,35,2,"3093,3031,3071,3090","Mozilla/5.0 (Windows NT 10.0; WOW64) AppleWebKit/537.36 (KHTML, like Gecko) Chrome/81.0.4044.138 Safari/537.36",127.0.0.1,"Windows 10","2020-07-03 16:13:32",1593760412,exit,"2020-04-01 00:00:00","2020-07-03 00:00:00",1585666800,1593702000
3093,34,35,2,"3093,3031,3071,3090","Mozilla/5.0 (Windows NT 10.0; WOW64) AppleWebKit/537.36 (KHTML, like Gecko) Chrome/81.0.4044.138 Safari/537.36",127.0.0.1,"Windows 10","2020-07-03 16:13:32",1593760412,heatmap,"2020-04-01 00:00:00","2020-07-03 00:00:00",1585666800,1593702000
3093,34,35,2,"3093,3031,3071,3090","Mozilla/5.0 (Windows NT 10.0; WOW64) AppleWebKit/537.36 (KHTML, like Gecko) Chrome/81.0.4044.138 Safari/537.36",127.0.0.1,"Windows 10","2020-07-03 16:13:37",1593760417,exit,"2020-04-01 00:00:00","2020-07-03 00:00:00",1585666800,1593702000
3093,34,35,2,"3093,3031,3071,3090","Mozilla/5.0 (Windows NT 10.0; WOW64) AppleWebKit/537.36 (KHTML, like Gecko) Chrome/81.0.4044.138 Safari/537.36",127.0.0.1,"Windows 10","2020-07-03 16:13:38",1593760418,heatmap,"2020-04-01 00:00:00","2020-07-03 00:00:00",1585666800,1593702000
3093,34,35,2,"3093,3031,3071,3090","Mozilla/5.0 (Windows NT 10.0; WOW64) AppleWebKit/537.36 (KHTML, like Gecko) Chrome/81.0.4044.138 Safari/537.36",127.0.0.1,"Windows 10","2020-07-03 16:14:20",1593760460,exit,"2020-04-01 00:00:00","2020-07-03 00:00:00",1585666800,1593702000
3093,34,35,2,"3093,3031,3071,3090","Mozilla/5.0 (Windows NT 10.0; WOW64) AppleWebKit/537.36 (KHTML, like Gecko) Chrome/81.0.4044.138 Safari/537.36",127.0.0.1,"Windows 10","2020-07-03 16:14:21",1593760461,heatmap,"2020-04-01 00:00:00","2020-07-03 00:00:00",1585666800,1593702000
3093,34,35,2,"3093,3031,3071,3090","Mozilla/5.0 (Windows NT 10.0; WOW64) AppleWebKit/537.36 (KHTML, like Gecko) Chrome/81.0.4044.138 Safari/537.36",127.0.0.1,"Windows 10","2020-07-03 16:15:28",1593760528,exit,"2020-04-01 00:00:00","2020-07-03 00:00:00",1585666800,1593702000
3093,34,35,2,"3093,3031,3071,3090","Mozilla/5.0 (Windows NT 10.0; WOW64) AppleWebKit/537.36 (KHTML, like Gecko) Chrome/81.0.4044.138 Safari/537.36",127.0.0.1,"Windows 10","2020-07-03 16:15:29",1593760529,heatmap,"2020-04-01 00:00:00","2020-07-03 00:00:00",1585666800,1593702000
3093,34,35,2,"3093,3031,3071,3090","Mozilla/5.0 (Windows NT 10.0; WOW64) AppleWebKit/537.36 (KHTML, like Gecko) Chrome/81.0.4044.138 Safari/537.36",127.0.0.1,"Windows 10","2020-07-03 16:15:52",1593760552,exit,"2020-04-01 00:00:00","2020-07-03 00:00:00",1585666800,1593702000
3093,34,35,2,"3093,3031,3071,3090","Mozilla/5.0 (Windows NT 10.0; WOW64) AppleWebKit/537.36 (KHTML, like Gecko) Chrome/81.0.4044.138 Safari/537.36",127.0.0.1,"Windows 10","2020-07-03 16:15:52",1593760552,heatmap,"2020-04-01 00:00:00","2020-07-03 00:00:00",1585666800,1593702000
3093,34,35,2,"3093,3031,3071,3090","Mozilla/5.0 (Windows NT 10.0; WOW64) AppleWebKit/537.36 (KHTML, like Gecko) Chrome/81.0.4044.138 Safari/537.36",127.0.0.1,"Windows 10","2020-07-03 16:16:37",1593760597,exit,"2020-04-01 00:00:00","2020-07-03 00:00:00",1585666800,1593702000
3093,34,35,2,"3093,3031,3071,3090","Mozilla/5.0 (Windows NT 10.0; WOW64) AppleWebKit/537.36 (KHTML, like Gecko) Chrome/81.0.4044.138 Safari/537.36",127.0.0.1,"Windows 10","2020-07-03 16:16:37",1593760597,heatmap,"2020-04-01 00:00:00","2020-07-03 00:00:00",1585666800,1593702000
3093,34,35,2,"3093,3031,3071,3090","Mozilla/5.0 (Windows NT 10.0; WOW64) AppleWebKit/537.36 (KHTML, like Gecko) Chrome/81.0.4044.138 Safari/537.36",127.0.0.1,"Windows 10","2020-07-03 16:22:40",1593760960,exit,"2020-04-01 00:00:00","2020-07-03 00:00:00",1585666800,1593702000
3093,34,35,2,"3093,3031,3071,3090","Mozilla/5.0 (Windows NT 10.0; WOW64) AppleWebKit/537.36 (KHTML, like Gecko) Chrome/81.0.4044.138 Safari/537.36",127.0.0.1,"Windows 10","2020-07-03 16:22:41",1593760961,heatmap,"2020-04-01 00:00:00","2020-07-03 00:00:00",1585666800,1593702000
3093,34,35,2,"3093,3031,3071,3090","Mozilla/5.0 (Windows NT 10.0; WOW64) AppleWebKit/537.36 (KHTML, like Gecko) Chrome/81.0.4044.138 Safari/537.36",127.0.0.1,"Windows 10","2020-07-03 16:23:20",1593761000,exit,"2020-04-01 00:00:00","2020-07-03 00:00:00",1585666800,1593702000
3093,34,35,2,"3093,3031,3071,3090","Mozilla/5.0 (Windows NT 10.0; WOW64) AppleWebKit/537.36 (KHTML, like Gecko) Chrome/81.0.4044.138 Safari/537.36",127.0.0.1,"Windows 10","2020-07-03 16:23:21",1593761001,heatmap,"2020-04-01 00:00:00","2020-07-03 00:00:00",1585666800,1593702000
3093,34,35,2,"3093,3031,3071,3090","Mozilla/5.0 (Windows NT 10.0; WOW64) AppleWebKit/537.36 (KHTML, like Gecko) Chrome/81.0.4044.138 Safari/537.36",127.0.0.1,"Windows 10","2020-07-03 16:25:44",1593761144,exit,"2020-04-01 00:00:00","2020-07-03 00:00:00",1585666800,1593702000
3093,34,35,2,"3093,3031,3071,3090","Mozilla/5.0 (Windows NT 10.0; WOW64) AppleWebKit/537.36 (KHTML, like Gecko) Chrome/81.0.4044.138 Safari/537.36",127.0.0.1,"Windows 10","2020-07-03 16:25:44",1593761144,heatmap,"2020-04-01 00:00:00","2020-07-03 00:00:00",1585666800,1593702000
3093,34,35,2,"3093,3031,3071,3090","Mozilla/5.0 (Windows NT 10.0; WOW64) AppleWebKit/537.36 (KHTML, like Gecko) Chrome/81.0.4044.138 Safari/537.36",127.0.0.1,"Windows 10","2020-07-03 16:26:41",1593761201,exit,"2020-04-01 00:00:00","2020-07-03 00:00:00",1585666800,1593702000
3093,34,35,2,"3093,3031,3071,3090","Mozilla/5.0 (Windows NT 10.0; WOW64) AppleWebKit/537.36 (KHTML, like Gecko) Chrome/81.0.4044.138 Safari/537.36",127.0.0.1,"Windows 10","2020-07-03 16:26:42",1593761202,heatmap,"2020-04-01 00:00:00","2020-07-03 00:00:00",1585666800,1593702000
3093,34,35,2,"3093,3031,3071,3090","Mozilla/5.0 (Windows NT 10.0; WOW64) AppleWebKit/537.36 (KHTML, like Gecko) Chrome/81.0.4044.138 Safari/537.36",127.0.0.1,"Windows 10","2020-07-03 16:28:10",1593761290,exit,"2020-04-01 00:00:00","2020-07-03 00:00:00",1585666800,1593702000
3093,34,35,2,"3093,3031,3071,3090","Mozilla/5.0 (Windows NT 10.0; WOW64) AppleWebKit/537.36 (KHTML, like Gecko) Chrome/81.0.4044.138 Safari/537.36",127.0.0.1,"Windows 10","2020-07-03 16:28:10",1593761290,heatmap,"2020-04-01 00:00:00","2020-07-03 00:00:00",1585666800,1593702000
3093,34,35,2,"3093,3031,3071,3090","Mozilla/5.0 (Windows NT 10.0; WOW64) AppleWebKit/537.36 (KHTML, like Gecko) Chrome/81.0.4044.138 Safari/537.36",127.0.0.1,"Windows 10","2020-07-03 16:29:52",1593761392,exit,"2020-04-01 00:00:00","2020-07-03 00:00:00",1585666800,1593702000
3093,34,35,2,"3093,3031,3071,3090","Mozilla/5.0 (Windows NT 10.0; WOW64) AppleWebKit/537.36 (KHTML, like Gecko) Chrome/81.0.4044.138 Safari/537.36",127.0.0.1,"Windows 10","2020-07-03 16:29:52",1593761392,heatmap,"2020-04-01 00:00:00","2020-07-03 00:00:00",1585666800,1593702000
3093,34,35,2,"3093,3031,3071,3090","Mozilla/5.0 (Windows NT 10.0; WOW64) AppleWebKit/537.36 (KHTML, like Gecko) Chrome/81.0.4044.138 Safari/537.36",127.0.0.1,"Windows 10","2020-07-03 16:30:09",1593761409,exit,"2020-04-01 00:00:00","2020-07-03 00:00:00",1585666800,1593702000
3093,34,35,2,"3093,3031,3071,3090","Mozilla/5.0 (Windows NT 10.0; WOW64) AppleWebKit/537.36 (KHTML, like Gecko) Chrome/81.0.4044.138 Safari/537.36",127.0.0.1,"Windows 10","2020-07-03 16:30:10",1593761410,heatmap,"2020-04-01 00:00:00","2020-07-03 00:00:00",1585666800,1593702000
3093,34,35,2,"3093,3031,3071,3090","Mozilla/5.0 (Windows NT 10.0; WOW64) AppleWebKit/537.36 (KHTML, like Gecko) Chrome/81.0.4044.138 Safari/537.36",127.0.0.1,"Windows 10","2020-07-03 16:30:54",1593761454,exit,"2020-04-01 00:00:00","2020-07-03 00:00:00",1585666800,1593702000
3093,34,35,2,"3093,3031,3071,3090","Mozilla/5.0 (Windows NT 10.0; WOW64) AppleWebKit/537.36 (KHTML, like Gecko) Chrome/81.0.4044.138 Safari/537.36",127.0.0.1,"Windows 10","2020-07-03 16:30:55",1593761455,behavior,"2020-04-01 00:00:00","2020-07-03 00:00:00",1585666800,1593702000
3093,34,35,2,"3093,3031,3071,3090","Mozilla/5.0 (Windows NT 10.0; WOW64) AppleWebKit/537.36 (KHTML, like Gecko) Chrome/81.0.4044.138 Safari/537.36",127.0.0.1,"Windows 10","2020-07-03 16:30:59",1593761459,exit,"2020-04-01 00:00:00","2020-07-03 00:00:00",1585666800,1593702000
3093,34,35,2,"3093,3031,3071,3090","Mozilla/5.0 (Windows NT 10.0; WOW64) AppleWebKit/537.36 (KHTML, like Gecko) Chrome/81.0.4044.138 Safari/537.36",127.0.0.1,"Windows 10","2020-07-03 16:30:59",1593761459,heatmap,"2020-04-01 00:00:00","2020-07-03 00:00:00",1585666800,1593702000
3093,34,35,2,"3093,3031,3071,3090","Mozilla/5.0 (Windows NT 10.0; WOW64) AppleWebKit/537.36 (KHTML, like Gecko) Chrome/81.0.4044.138 Safari/537.36",127.0.0.1,"Windows 10","2020-07-03 16:32:32",1593761552,exit,"2020-04-01 00:00:00","2020-07-03 00:00:00",1585666800,1593702000
3093,34,35,2,"3093,3031,3071,3090","Mozilla/5.0 (Windows NT 10.0; WOW64) AppleWebKit/537.36 (KHTML, like Gecko) Chrome/81.0.4044.138 Safari/537.36",127.0.0.1,"Windows 10","2020-07-03 16:32:33",1593761553,heatmap,"2020-04-01 00:00:00","2020-07-03 00:00:00",1585666800,1593702000
3093,34,35,2,"3093,3031,3071,3090","Mozilla/5.0 (Windows NT 10.0; WOW64) AppleWebKit/537.36 (KHTML, like Gecko) Chrome/81.0.4044.138 Safari/537.36",127.0.0.1,"Windows 10","2020-07-03 16:33:50",1593761630,exit,"2020-04-01 00:00:00","2020-07-03 00:00:00",1585666800,1593702000
3093,34,35,2,"3093,3031,3071,3090","Mozilla/5.0 (Windows NT 10.0; WOW64) AppleWebKit/537.36 (KHTML, like Gecko) Chrome/81.0.4044.138 Safari/537.36",127.0.0.1,"Windows 10","2020-07-03 16:33:51",1593761631,heatmap,"2020-04-01 00:00:00","2020-07-03 00:00:00",1585666800,1593702000
3093,34,35,2,"3093,3031,3071,3090","Mozilla/5.0 (Windows NT 10.0; WOW64) AppleWebKit/537.36 (KHTML, like Gecko) Chrome/81.0.4044.138 Safari/537.36",127.0.0.1,"Windows 10","2020-07-03 16:35:30",1593761730,exit,"2020-04-01 00:00:00","2020-07-03 00:00:00",1585666800,1593702000
3093,34,35,2,"3093,3031,3071,3090","Mozilla/5.0 (Windows NT 10.0; WOW64) AppleWebKit/537.36 (KHTML, like Gecko) Chrome/81.0.4044.138 Safari/537.36",127.0.0.1,"Windows 10","2020-07-03 16:35:35",1593761735,heatmap,"2020-07-03 16:35:35","2020-07-03 16:35:35",1593761735,1593761735
3093,34,35,2,"3093,3031,3071,3090","Mozilla/5.0 (Windows NT 10.0; WOW64) AppleWebKit/537.36 (KHTML, like Gecko) Chrome/81.0.4044.138 Safari/537.36",127.0.0.1,"Windows 10","2020-07-03 16:35:42",1593761742,heatmap,"2020-03-04 00:00:00","2020-07-03 00:00:00",1583247600,1593702000
3093,34,35,2,"3093,3031,3071,3090","Mozilla/5.0 (Windows NT 10.0; WOW64) AppleWebKit/537.36 (KHTML, like Gecko) Chrome/81.0.4044.138 Safari/537.36",127.0.0.1,"Windows 10","2020-07-03 16:35:43",1593761743,exit,"2020-03-04 00:00:00","2020-07-03 00:00:00",1583247600,1593702000
3093,34,35,2,"3093,3031,3071,3090","Mozilla/5.0 (Windows NT 10.0; WOW64) AppleWebKit/537.36 (KHTML, like Gecko) Chrome/81.0.4044.138 Safari/537.36",127.0.0.1,"Windows 10","2020-07-03 16:35:44",1593761744,heatmap,"2020-03-04 00:00:00","2020-07-03 00:00:00",1583247600,1593702000
3093,34,35,2,"3093,3031,3071,3090","Mozilla/5.0 (Windows NT 10.0; WOW64) AppleWebKit/537.36 (KHTML, like Gecko) Chrome/81.0.4044.138 Safari/537.36",127.0.0.1,"Windows 10","2020-07-03 16:37:12",1593761832,exit,"2020-03-04 00:00:00","2020-07-03 00:00:00",1583247600,1593702000
3093,34,35,2,"3093,3031,3071,3090","Mozilla/5.0 (Windows NT 10.0; WOW64) AppleWebKit/537.36 (KHTML, like Gecko) Chrome/81.0.4044.138 Safari/537.36",127.0.0.1,"Windows 10","2020-07-03 16:37:13",1593761833,heatmap,"2020-03-04 00:00:00","2020-07-03 00:00:00",1583247600,1593702000
3093,34,35,2,"3093,3031,3071,3090","Mozilla/5.0 (Windows NT 10.0; WOW64) AppleWebKit/537.36 (KHTML, like Gecko) Chrome/81.0.4044.138 Safari/537.36",127.0.0.1,"Windows 10","2020-07-03 16:37:46",1593761866,exit,"2020-03-04 00:00:00","2020-07-03 00:00:00",1583247600,1593702000
3093,34,35,2,"3093,3031,3071,3090","Mozilla/5.0 (Windows NT 10.0; WOW64) AppleWebKit/537.36 (KHTML, like Gecko) Chrome/81.0.4044.138 Safari/537.36",127.0.0.1,"Windows 10","2020-07-03 16:39:25",1593761965,heatmap,"2020-07-03 16:39:25","2020-07-03 16:39:25",1593761965,1593761965
3093,34,35,2,"3093,3031,3071,3090","Mozilla/5.0 (Windows NT 10.0; WOW64) AppleWebKit/537.36 (KHTML, like Gecko) Chrome/81.0.4044.138 Safari/537.36",127.0.0.1,"Windows 10","2020-07-03 16:39:31",1593761971,heatmap,"2020-04-01 00:00:00","2020-07-03 00:00:00",1585666800,1593702000
3093,34,35,2,"3093,3031,3071,3090","Mozilla/5.0 (Windows NT 10.0; WOW64) AppleWebKit/537.36 (KHTML, like Gecko) Chrome/81.0.4044.138 Safari/537.36",127.0.0.1,"Windows 10","2020-07-03 16:39:32",1593761972,exit,"2020-04-01 00:00:00","2020-07-03 00:00:00",1585666800,1593702000
3093,34,35,2,"3093,3031,3071,3090","Mozilla/5.0 (Windows NT 10.0; WOW64) AppleWebKit/537.36 (KHTML, like Gecko) Chrome/81.0.4044.138 Safari/537.36",127.0.0.1,"Windows 10","2020-07-03 16:39:32",1593761972,heatmap,"2020-04-01 00:00:00","2020-07-03 00:00:00",1585666800,1593702000
3093,34,35,2,"3093,3031,3071,3090","Mozilla/5.0 (Windows NT 10.0; WOW64) AppleWebKit/537.36 (KHTML, like Gecko) Chrome/81.0.4044.138 Safari/537.36",127.0.0.1,"Windows 10","2020-07-03 16:39:58",1593761998,exit,"2020-04-01 00:00:00","2020-07-03 00:00:00",1585666800,1593702000
3093,34,35,2,"3093,3031,3071,3090","Mozilla/5.0 (Windows NT 10.0; WOW64) AppleWebKit/537.36 (KHTML, like Gecko) Chrome/81.0.4044.138 Safari/537.36",127.0.0.1,"Windows 10","2020-07-03 16:39:59",1593761999,heatmap,"2020-04-01 00:00:00","2020-07-03 00:00:00",1585666800,1593702000
3093,34,35,2,"3093,3031,3071,3090","Mozilla/5.0 (Windows NT 10.0; WOW64) AppleWebKit/537.36 (KHTML, like Gecko) Chrome/81.0.4044.138 Safari/537.36",127.0.0.1,"Windows 10","2020-07-03 16:43:46",1593762226,exit,"2020-04-01 00:00:00","2020-07-03 00:00:00",1585666800,1593702000
3093,34,35,2,"3093,3031,3071,3090","Mozilla/5.0 (Windows NT 10.0; WOW64) AppleWebKit/537.36 (KHTML, like Gecko) Chrome/81.0.4044.138 Safari/537.36",127.0.0.1,"Windows 10","2020-07-03 16:43:52",1593762232,behavior,"2020-04-01 00:00:00","2020-07-03 00:00:00",1585666800,1593702000
3093,34,35,2,"3093,3031,3071,3090","Mozilla/5.0 (Windows NT 10.0; WOW64) AppleWebKit/537.36 (KHTML, like Gecko) Chrome/81.0.4044.138 Safari/537.36",127.0.0.1,"Windows 10","2020-07-03 16:43:56",1593762236,exit,"2020-04-01 00:00:00","2020-07-03 00:00:00",1585666800,1593702000
3093,34,35,2,"3093,3031,3071,3090","Mozilla/5.0 (Windows NT 10.0; WOW64) AppleWebKit/537.36 (KHTML, like Gecko) Chrome/81.0.4044.138 Safari/537.36",127.0.0.1,"Windows 10","2020-07-03 16:43:57",1593762237,heatmap,"2020-04-01 00:00:00","2020-07-03 00:00:00",1585666800,1593702000
3093,34,35,2,"3093,3031,3071,3090","Mozilla/5.0 (Windows NT 10.0; WOW64) AppleWebKit/537.36 (KHTML, like Gecko) Chrome/81.0.4044.138 Safari/537.36",127.0.0.1,"Windows 10","2020-07-03 16:46:02",1593762362,heatmap,"2020-07-03 16:46:02","2020-07-03 16:46:02",1593762362,1593762362
3093,34,35,2,"3093,3031,3071,3090","Mozilla/5.0 (Windows NT 10.0; WOW64) AppleWebKit/537.36 (KHTML, like Gecko) Chrome/81.0.4044.138 Safari/537.36",127.0.0.1,"Windows 10","2020-07-03 16:46:03",1593762363,exit,"2020-04-01 00:00:00","2020-07-03 00:00:00",1585666800,1593702000
3093,34,35,2,"3093,3031,3071,3090","Mozilla/5.0 (Windows NT 10.0; WOW64) AppleWebKit/537.36 (KHTML, like Gecko) Chrome/81.0.4044.138 Safari/537.36",127.0.0.1,"Windows 10","2020-07-03 16:46:08",1593762368,heatmap,"2020-03-04 00:00:00","2020-07-01 00:00:00",1583247600,1593529200
3093,34,35,2,"3093,3031,3071,3090","Mozilla/5.0 (Windows NT 10.0; WOW64) AppleWebKit/537.36 (KHTML, like Gecko) Chrome/81.0.4044.138 Safari/537.36",127.0.0.1,"Windows 10","2020-07-03 16:46:09",1593762369,exit,"2020-03-04 00:00:00","2020-07-01 00:00:00",1583247600,1593529200
3093,34,35,2,"3093,3031,3071,3090","Mozilla/5.0 (Windows NT 10.0; WOW64) AppleWebKit/537.36 (KHTML, like Gecko) Chrome/81.0.4044.138 Safari/537.36",127.0.0.1,"Windows 10","2020-07-03 16:46:10",1593762370,heatmap,"2020-03-04 00:00:00","2020-07-01 00:00:00",1583247600,1593529200
3093,34,35,2,"3093,3031,3071,3090","Mozilla/5.0 (Windows NT 10.0; WOW64) AppleWebKit/537.36 (KHTML, like Gecko) Chrome/81.0.4044.138 Safari/537.36",127.0.0.1,"Windows 10","2020-07-03 16:47:48",1593762468,exit,"2020-03-04 00:00:00","2020-07-01 00:00:00",1583247600,1593529200
3093,34,35,2,"3093,3031,3071,3090","Mozilla/5.0 (Windows NT 10.0; WOW64) AppleWebKit/537.36 (KHTML, like Gecko) Chrome/81.0.4044.138 Safari/537.36",127.0.0.1,"Windows 10","2020-07-03 16:47:49",1593762469,heatmap,"2020-03-04 00:00:00","2020-07-01 00:00:00",1583247600,1593529200
3093,34,35,2,"3093,3031,3071,3090","Mozilla/5.0 (Windows NT 10.0; WOW64) AppleWebKit/537.36 (KHTML, like Gecko) Chrome/81.0.4044.138 Safari/537.36",127.0.0.1,"Windows 10","2020-07-03 16:48:02",1593762482,exit,"2020-03-04 00:00:00","2020-07-01 00:00:00",1583247600,1593529200
3093,34,35,2,"3093,3031,3071,3090","Mozilla/5.0 (Windows NT 10.0; WOW64) AppleWebKit/537.36 (KHTML, like Gecko) Chrome/81.0.4044.138 Safari/537.36",127.0.0.1,"Windows 10","2020-07-03 16:48:02",1593762482,heatmap,"2020-03-04 00:00:00","2020-07-01 00:00:00",1583247600,1593529200
3093,34,35,2,"3093,3031,3071,3090","Mozilla/5.0 (Windows NT 10.0; WOW64) AppleWebKit/537.36 (KHTML, like Gecko) Chrome/81.0.4044.138 Safari/537.36",127.0.0.1,"Windows 10","2020-07-03 16:50:39",1593762639,exit,"2020-03-04 00:00:00","2020-07-01 00:00:00",1583247600,1593529200
3093,34,35,2,"3093,3031,3071,3090","Mozilla/5.0 (Windows NT 10.0; WOW64) AppleWebKit/537.36 (KHTML, like Gecko) Chrome/81.0.4044.138 Safari/537.36",127.0.0.1,"Windows 10","2020-07-03 16:50:39",1593762639,heatmap,"2020-03-04 00:00:00","2020-07-01 00:00:00",1583247600,1593529200
3093,34,35,2,"3093,3031,3071,3090","Mozilla/5.0 (Windows NT 10.0; WOW64) AppleWebKit/537.36 (KHTML, like Gecko) Chrome/81.0.4044.138 Safari/537.36",127.0.0.1,"Windows 10","2020-07-03 16:51:02",1593762662,exit,"2020-03-04 00:00:00","2020-07-01 00:00:00",1583247600,1593529200
3093,34,35,2,"3093,3031,3071,3090","Mozilla/5.0 (Windows NT 10.0; WOW64) AppleWebKit/537.36 (KHTML, like Gecko) Chrome/81.0.4044.138 Safari/537.36",127.0.0.1,"Windows 10","2020-07-03 16:51:03",1593762663,heatmap,"2020-03-04 00:00:00","2020-07-01 00:00:00",1583247600,1593529200
3093,34,35,2,"3093,3031,3071,3090","Mozilla/5.0 (Windows NT 10.0; WOW64) AppleWebKit/537.36 (KHTML, like Gecko) Chrome/81.0.4044.138 Safari/537.36",127.0.0.1,"Windows 10","2020-07-03 16:52:44",1593762764,exit,"2020-03-04 00:00:00","2020-07-01 00:00:00",1583247600,1593529200
3093,34,35,2,"3093,3031,3071,3090","Mozilla/5.0 (Windows NT 10.0; WOW64) AppleWebKit/537.36 (KHTML, like Gecko) Chrome/81.0.4044.138 Safari/537.36",127.0.0.1,"Windows 10","2020-07-03 16:52:44",1593762764,heatmap,"2020-03-04 00:00:00","2020-07-01 00:00:00",1583247600,1593529200
3093,34,35,2,"3093,3031,3071,3090","Mozilla/5.0 (Windows NT 10.0; WOW64) AppleWebKit/537.36 (KHTML, like Gecko) Chrome/81.0.4044.138 Safari/537.36",127.0.0.1,"Windows 10","2020-07-03 16:52:58",1593762778,exit,"2020-03-04 00:00:00","2020-07-01 00:00:00",1583247600,1593529200
3093,34,35,2,"3093,3031,3071,3090","Mozilla/5.0 (Windows NT 10.0; WOW64) AppleWebKit/537.36 (KHTML, like Gecko) Chrome/81.0.4044.138 Safari/537.36",127.0.0.1,"Windows 10","2020-07-03 16:52:59",1593762779,heatmap,"2020-03-04 00:00:00","2020-07-01 00:00:00",1583247600,1593529200
3093,34,35,2,"3093,3031,3071,3090","Mozilla/5.0 (Windows NT 10.0; WOW64) AppleWebKit/537.36 (KHTML, like Gecko) Chrome/81.0.4044.138 Safari/537.36",127.0.0.1,"Windows 10","2020-07-03 16:53:28",1593762808,exit,"2020-03-04 00:00:00","2020-07-01 00:00:00",1583247600,1593529200
3093,34,35,2,"3093,3031,3071,3090","Mozilla/5.0 (Windows NT 10.0; WOW64) AppleWebKit/537.36 (KHTML, like Gecko) Chrome/81.0.4044.138 Safari/537.36",127.0.0.1,"Windows 10","2020-07-03 16:53:28",1593762808,heatmap,"2020-03-04 00:00:00","2020-07-01 00:00:00",1583247600,1593529200
3093,34,35,2,"3093,3031,3071,3090","Mozilla/5.0 (Windows NT 10.0; WOW64) AppleWebKit/537.36 (KHTML, like Gecko) Chrome/81.0.4044.138 Safari/537.36",127.0.0.1,"Windows 10","2020-07-03 16:53:41",1593762821,exit,"2020-03-04 00:00:00","2020-07-01 00:00:00",1583247600,1593529200
3093,34,35,2,"3093,3031,3071,3090","Mozilla/5.0 (Windows NT 10.0; WOW64) AppleWebKit/537.36 (KHTML, like Gecko) Chrome/81.0.4044.138 Safari/537.36",127.0.0.1,"Windows 10","2020-07-03 16:53:41",1593762821,heatmap,"2020-03-04 00:00:00","2020-07-01 00:00:00",1583247600,1593529200
3093,34,35,2,"3093,3031,3071,3090","Mozilla/5.0 (Windows NT 10.0; WOW64) AppleWebKit/537.36 (KHTML, like Gecko) Chrome/81.0.4044.138 Safari/537.36",127.0.0.1,"Windows 10","2020-07-03 16:54:06",1593762846,exit,"2020-03-04 00:00:00","2020-07-01 00:00:00",1583247600,1593529200
3093,34,35,2,"3093,3031,3071,3090","Mozilla/5.0 (Windows NT 10.0; WOW64) AppleWebKit/537.36 (KHTML, like Gecko) Chrome/81.0.4044.138 Safari/537.36",127.0.0.1,"Windows 10","2020-07-03 16:54:06",1593762846,heatmap,"2020-03-04 00:00:00","2020-07-01 00:00:00",1583247600,1593529200
3093,34,35,2,"3093,3031,3071,3090","Mozilla/5.0 (Windows NT 10.0; WOW64) AppleWebKit/537.36 (KHTML, like Gecko) Chrome/81.0.4044.138 Safari/537.36",127.0.0.1,"Windows 10","2020-07-03 16:55:32",1593762932,exit,"2020-03-04 00:00:00","2020-07-01 00:00:00",1583247600,1593529200
3093,34,35,2,"3093,3031,3071,3090","Mozilla/5.0 (Windows NT 10.0; WOW64) AppleWebKit/537.36 (KHTML, like Gecko) Chrome/81.0.4044.138 Safari/537.36",127.0.0.1,"Windows 10","2020-07-03 16:55:33",1593762933,heatmap,"2020-03-04 00:00:00","2020-07-01 00:00:00",1583247600,1593529200
3093,34,35,2,"3093,3031,3071,3090","Mozilla/5.0 (Windows NT 10.0; WOW64) AppleWebKit/537.36 (KHTML, like Gecko) Chrome/81.0.4044.138 Safari/537.36",127.0.0.1,"Windows 10","2020-07-03 16:55:37",1593762937,exit,"2020-03-04 00:00:00","2020-07-01 00:00:00",1583247600,1593529200
3093,34,35,2,"3093,3031,3071,3090","Mozilla/5.0 (Windows NT 10.0; WOW64) AppleWebKit/537.36 (KHTML, like Gecko) Chrome/81.0.4044.138 Safari/537.36",127.0.0.1,"Windows 10","2020-07-03 16:55:41",1593762941,heatmap,"2020-03-04 00:00:00","2020-07-01 00:00:00",1583247600,1593529200
3093,34,35,2,"3093,3031,3071,3090","Mozilla/5.0 (Windows NT 10.0; WOW64) AppleWebKit/537.36 (KHTML, like Gecko) Chrome/81.0.4044.138 Safari/537.36",127.0.0.1,"Windows 10","2020-07-03 16:56:24",1593762984,exit,"2020-03-04 00:00:00","2020-07-01 00:00:00",1583247600,1593529200
3093,34,35,2,"3093,3031,3071,3090","Mozilla/5.0 (Windows NT 10.0; WOW64) AppleWebKit/537.36 (KHTML, like Gecko) Chrome/81.0.4044.138 Safari/537.36",127.0.0.1,"Windows 10","2020-07-03 16:56:25",1593762985,heatmap,"2020-03-04 00:00:00","2020-07-01 00:00:00",1583247600,1593529200
3093,34,35,2,"3093,3031,3071,3090","Mozilla/5.0 (Windows NT 10.0; WOW64) AppleWebKit/537.36 (KHTML, like Gecko) Chrome/81.0.4044.138 Safari/537.36",127.0.0.1,"Windows 10","2020-07-03 16:56:44",1593763004,exit,"2020-03-04 00:00:00","2020-07-01 00:00:00",1583247600,1593529200
3093,34,35,2,"3093,3031,3071,3090","Mozilla/5.0 (Windows NT 10.0; WOW64) AppleWebKit/537.36 (KHTML, like Gecko) Chrome/81.0.4044.138 Safari/537.36",127.0.0.1,"Windows 10","2020-07-03 16:56:44",1593763004,heatmap,"2020-03-04 00:00:00","2020-07-01 00:00:00",1583247600,1593529200
3093,34,35,2,"3093,3031,3071,3090","Mozilla/5.0 (Windows NT 10.0; WOW64) AppleWebKit/537.36 (KHTML, like Gecko) Chrome/81.0.4044.138 Safari/537.36",127.0.0.1,"Windows 10","2020-07-03 16:57:37",1593763057,exit,"2020-03-04 00:00:00","2020-07-01 00:00:00",1583247600,1593529200
3093,34,35,2,"3093,3031,3071,3090","Mozilla/5.0 (Windows NT 10.0; WOW64) AppleWebKit/537.36 (KHTML, like Gecko) Chrome/81.0.4044.138 Safari/537.36",127.0.0.1,"Windows 10","2020-07-03 16:57:38",1593763058,heatmap,"2020-03-04 00:00:00","2020-07-01 00:00:00",1583247600,1593529200
3093,34,35,2,"3093,3031,3071,3090","Mozilla/5.0 (Windows NT 10.0; WOW64) AppleWebKit/537.36 (KHTML, like Gecko) Chrome/81.0.4044.138 Safari/537.36",127.0.0.1,"Windows 10","2020-07-03 16:58:26",1593763106,exit,"2020-03-04 00:00:00","2020-07-01 00:00:00",1583247600,1593529200
3093,34,35,2,"3093,3031,3071,3090","Mozilla/5.0 (Windows NT 10.0; WOW64) AppleWebKit/537.36 (KHTML, like Gecko) Chrome/81.0.4044.138 Safari/537.36",127.0.0.1,"Windows 10","2020-07-03 16:58:27",1593763107,heatmap,"2020-03-04 00:00:00","2020-07-01 00:00:00",1583247600,1593529200
3093,34,35,2,"3093,3031,3071,3090","Mozilla/5.0 (Windows NT 10.0; WOW64) AppleWebKit/537.36 (KHTML, like Gecko) Chrome/81.0.4044.138 Safari/537.36",127.0.0.1,"Windows 10","2020-07-03 17:03:31",1593763411,exit,"2020-03-04 00:00:00","2020-07-01 00:00:00",1583247600,1593529200
3093,34,35,2,"3093,3031,3071,3090","Mozilla/5.0 (Windows NT 10.0; WOW64) AppleWebKit/537.36 (KHTML, like Gecko) Chrome/81.0.4044.138 Safari/537.36",127.0.0.1,"Windows 10","2020-07-03 17:03:32",1593763412,heatmap,"2020-03-04 00:00:00","2020-07-01 00:00:00",1583247600,1593529200
3093,34,35,2,"3093,3031,3071,3090","Mozilla/5.0 (Windows NT 10.0; WOW64) AppleWebKit/537.36 (KHTML, like Gecko) Chrome/81.0.4044.138 Safari/537.36",127.0.0.1,"Windows 10","2020-07-03 17:04:54",1593763494,exit,"2020-03-04 00:00:00","2020-07-01 00:00:00",1583247600,1593529200
3093,34,35,2,"3093,3031,3071,3090","Mozilla/5.0 (Windows NT 10.0; WOW64) AppleWebKit/537.36 (KHTML, like Gecko) Chrome/81.0.4044.138 Safari/537.36",127.0.0.1,"Windows 10","2020-07-03 17:04:55",1593763495,heatmap,"2020-03-04 00:00:00","2020-07-01 00:00:00",1583247600,1593529200
3093,34,35,2,"3093,3031,3071,3090","Mozilla/5.0 (Windows NT 10.0; WOW64) AppleWebKit/537.36 (KHTML, like Gecko) Chrome/81.0.4044.138 Safari/537.36",127.0.0.1,"Windows 10","2020-07-03 17:05:41",1593763541,exit,"2020-03-04 00:00:00","2020-07-01 00:00:00",1583247600,1593529200
3093,34,35,2,"3093,3031,3071,3090","Mozilla/5.0 (Windows NT 10.0; WOW64) AppleWebKit/537.36 (KHTML, like Gecko) Chrome/81.0.4044.138 Safari/537.36",127.0.0.1,"Windows 10","2020-07-03 17:05:42",1593763542,heatmap,"2020-03-04 00:00:00","2020-07-01 00:00:00",1583247600,1593529200
3093,34,35,2,"3093,3031,3071,3090","Mozilla/5.0 (Windows NT 10.0; WOW64) AppleWebKit/537.36 (KHTML, like Gecko) Chrome/81.0.4044.138 Safari/537.36",127.0.0.1,"Windows 10","2020-07-03 17:05:51",1593763551,exit,"2020-03-04 00:00:00","2020-07-01 00:00:00",1583247600,1593529200
3093,34,35,2,"3093,3031,3071,3090","Mozilla/5.0 (Windows NT 10.0; WOW64) AppleWebKit/537.36 (KHTML, like Gecko) Chrome/81.0.4044.138 Safari/537.36",127.0.0.1,"Windows 10","2020-07-03 17:05:52",1593763552,heatmap,"2020-03-04 00:00:00","2020-07-01 00:00:00",1583247600,1593529200
3093,34,35,2,"3093,3031,3071,3090","Mozilla/5.0 (Windows NT 10.0; WOW64) AppleWebKit/537.36 (KHTML, like Gecko) Chrome/81.0.4044.138 Safari/537.36",127.0.0.1,"Windows 10","2020-07-03 17:06:03",1593763563,exit,"2020-03-04 00:00:00","2020-07-01 00:00:00",1583247600,1593529200
3093,34,35,2,"3093,3031,3071,3090","Mozilla/5.0 (Windows NT 10.0; WOW64) AppleWebKit/537.36 (KHTML, like Gecko) Chrome/81.0.4044.138 Safari/537.36",127.0.0.1,"Windows 10","2020-07-03 17:06:03",1593763563,heatmap,"2020-03-04 00:00:00","2020-07-01 00:00:00",1583247600,1593529200
3093,34,35,2,"3093,3031,3071,3090","Mozilla/5.0 (Windows NT 10.0; WOW64) AppleWebKit/537.36 (KHTML, like Gecko) Chrome/81.0.4044.138 Safari/537.36",127.0.0.1,"Windows 10","2020-07-03 17:06:30",1593763590,exit,"2020-03-04 00:00:00","2020-07-01 00:00:00",1583247600,1593529200
3093,34,35,2,"3093,3031,3071,3090","Mozilla/5.0 (Windows NT 10.0; WOW64) AppleWebKit/537.36 (KHTML, like Gecko) Chrome/81.0.4044.138 Safari/537.36",127.0.0.1,"Windows 10","2020-07-03 17:06:31",1593763591,heatmap,"2020-03-04 00:00:00","2020-07-01 00:00:00",1583247600,1593529200
3093,34,35,2,"3093,3031,3071,3090","Mozilla/5.0 (Windows NT 10.0; WOW64) AppleWebKit/537.36 (KHTML, like Gecko) Chrome/81.0.4044.138 Safari/537.36",127.0.0.1,"Windows 10","2020-07-03 17:06:38",1593763598,exit,"2020-03-04 00:00:00","2020-07-01 00:00:00",1583247600,1593529200
3093,34,35,2,"3093,3031,3071,3090","Mozilla/5.0 (Windows NT 10.0; WOW64) AppleWebKit/537.36 (KHTML, like Gecko) Chrome/81.0.4044.138 Safari/537.36",127.0.0.1,"Windows 10","2020-07-03 17:06:39",1593763599,heatmap,"2020-03-04 00:00:00","2020-07-01 00:00:00",1583247600,1593529200
3093,34,35,2,"3093,3031,3071,3090","Mozilla/5.0 (Windows NT 10.0; WOW64) AppleWebKit/537.36 (KHTML, like Gecko) Chrome/81.0.4044.138 Safari/537.36",127.0.0.1,"Windows 10","2020-07-03 17:07:51",1593763671,exit,"2020-03-04 00:00:00","2020-07-01 00:00:00",1583247600,1593529200
3093,34,35,2,"3093,3031,3071,3090","Mozilla/5.0 (Windows NT 10.0; WOW64) AppleWebKit/537.36 (KHTML, like Gecko) Chrome/81.0.4044.138 Safari/537.36",127.0.0.1,"Windows 10","2020-07-03 17:07:52",1593763672,heatmap,"2020-03-04 00:00:00","2020-07-01 00:00:00",1583247600,1593529200
3093,34,35,2,"3093,3031,3071,3090","Mozilla/5.0 (Windows NT 10.0; WOW64) AppleWebKit/537.36 (KHTML, like Gecko) Chrome/81.0.4044.138 Safari/537.36",127.0.0.1,"Windows 10","2020-07-03 17:08:09",1593763689,exit,"2020-03-04 00:00:00","2020-07-01 00:00:00",1583247600,1593529200
3093,34,35,2,"3093,3031,3071,3090","Mozilla/5.0 (Windows NT 10.0; WOW64) AppleWebKit/537.36 (KHTML, like Gecko) Chrome/81.0.4044.138 Safari/537.36",127.0.0.1,"Windows 10","2020-07-03 17:08:09",1593763689,heatmap,"2020-03-04 00:00:00","2020-07-01 00:00:00",1583247600,1593529200
3093,34,35,2,"3093,3031,3071,3090","Mozilla/5.0 (Windows NT 10.0; WOW64) AppleWebKit/537.36 (KHTML, like Gecko) Chrome/81.0.4044.138 Safari/537.36",127.0.0.1,"Windows 10","2020-07-03 17:08:22",1593763702,exit,"2020-03-04 00:00:00","2020-07-01 00:00:00",1583247600,1593529200
3093,34,35,2,"3093,3031,3071,3090","Mozilla/5.0 (Windows NT 10.0; WOW64) AppleWebKit/537.36 (KHTML, like Gecko) Chrome/81.0.4044.138 Safari/537.36",127.0.0.1,"Windows 10","2020-07-03 17:08:22",1593763702,heatmap,"2020-03-04 00:00:00","2020-07-01 00:00:00",1583247600,1593529200
