2,05/13/2020,05/21/2020
3,05/20/2020,06/28/2020
4,05/27/2020,06/04/2020
5,06/03/2020,06/11/2020
6,06/10/2020,06/18/2020
7,06/17/2020,07/25/2020
8,06/24/2020,07/02/2020
9,07/01/2020,07/09/2020
10,07/08/2020,07/16/2020
11,07/15/2020,07/23/2020
12,07/22/2020,07/30/2020
13,07/29/2020,08/06/2020
14,08/05/2020,08/13/2020
0,07/08/2020,07/15/2020
15,10/06/2020,10/14/2020
16,10/13/2020,10/21/2020
17,04/01/2021,04/29/2021
18,04/14/2021,04/22/2021
19,04/21/2021,04/29/2021
20,04/28/2021,05/13/2021
21,05/12/2021,05/20/2021
22,05/19/2021,05/27/2021
23,05/26/2021,06/03/2021
24,06/02/2021,06/10/2021
25,04/01/2021,04/29/2021
26,06/09/2021,06/17/2021
27,06/16/2021,06/24/2021
28,06/23/2021,07/01/2021
29,06/30/2021,07/08/2021
30,07/07/2021,07/15/2021
31,07/14/2021,07/22/2021